Workbook

Sheet Answer_Keys
A1: MARKIX OMR — Answer Key Dataset
A2: Upload this sheet to the Answer Keys section of the app
A3: key_name | B3: subject | C3: class_grade | D3: total_questions | E3: Q1 | F3: Q2 | G3: Q3 | H3: Q4 | I3: Q5 | J3: Q6 | K3: Q7 | L3: Q8 | M3: Q9 | N3: Q10 | O3: Q11 | P3: Q12 | Q3: Q13 | R3: Q14 | S3: Q15 | T3: Q16 | U3: Q17 | V3: Q18 | W3: Q19 | X3: Q20 | Y3: Q21 | Z3: Q22 | AA3: Q23 | AB3: Q24 | AC3: Q25 | AD3: Q26 | AE3: Q27 | AF3: Q28 | AG3: Q29 | AH3: Q30
A4: Science_Ch5_Quiz | B4: Science | C4: Grade 8 | D4: 20 | E4: A | F4: A | G4: C | H4: B | I4: B | J4: B | K4: A | L4: A | M4: D | N4: A | O4: A | P4: A | Q4: B | R4: B | S4: A | T4: B | U4: D | V4: B | W4: D | X4: C
A5: Math_Algebra_Test | B5: Mathematics | C5: Grade 9 | D5: 25 | E5: A | F5: B | G5: D | H5: C | I5: C | J5: B | K5: B | L5: C | M5: A | N5: A | O5: D | P5: A | Q5: C | R5: C | S5: C | T5: A | U5: D | V5: A | W5: D | X5: A | Y5: C | Z5: C | AA5: B | AB5: A | AC5: A
A6: English_Grammar | B6: English | C6: Grade 7 | D6: 20 | E6: B | F6: C | G6: A | H6: B | I6: A | J6: D | K6: C | L6: D | M6: C | N6: B | O6: C | P6: C | Q6: B | R6: C | S6: A | T6: B | U6: B | V6: B | W6: D | X6: D
A7: History_WWI | B7: History | C7: Grade 10 | D7: 30 | E7: C | F7: B | G7: C | H7: A | I7: B | J7: A | K7: C | L7: D | M7: C | N7: A | O7: B | P7: C | Q7: B | R7: D | S7: D | T7: D | U7: B | V7: C | W7: B | X7: B | Y7: C | Z7: D | AA7: D | AB7: C | AC7: B | AD7: B | AE7: D | AF7: A | AG7: A | AH7: A
A8: Biology_Cells | B8: Biology | C8: Grade 11 | D8: 25 | E8: B | F8: B | G8: D | H8: A | I8: D | J8: D | K8: D | L8: C | M8: A | N8: A | O8: C | P8: C | Q8: A | R8: C | S8: D | T8: B | U8: D | V8: A | W8: C | X8: B | Y8: A | Z8: C | AA8: B | AB8: B | AC8: C

Sheet Student_Responses
A1: Student MCQ Responses — Science Chapter 5 Quiz (20 Questions)
A2: Answer Key: Science_Ch5_Quiz | Correct answers shown in GREEN, wrong in RED
A3: student_id | B3: student_name | C3: roll_no | D3: Q1 | E3: Q2 | F3: Q3 | G3: Q4 | H3: Q5 | I3: Q6 | J3: Q7 | K3: Q8 | L3: Q9 | M3: Q10 | N3: Q11 | O3: Q12 | P3: Q13 | Q3: Q14 | R3: Q15 | S3: Q16 | T3: Q17 | U3: Q18 | V3: Q19 | W3: Q20 | X3: score | Y3: percentage | Z3: grade
A4: S001 | B4: Aarav Shah | C4: 1 | D4: B | E4: A | F4: C | G4: D | H4: A | I4: B | J4: C | K4: C | L4: B | M4: A | N4: B | O4: A | P4: A | Q4: D | R4: A | S4: B | T4: B | U4: A | V4: B | W4: C | X4: 18 | Y4: 90 | Z4: A
A5: S002 | B5: Priya Patel | C5: 2 | D5: C | E5: A | F5: C | G5: D | H5: A | I5: A | J5: C | K5: C | L5: B | M5: B | N5: D | O5: C | P5: D | Q5: D | R5: C | S5: A | T5: C | U5: D | V5: C | W5: C | X5: 11 | Y5: 55 | Z5: C
A6: S003 | B6: Rohan Mehta | C6: 3 | D6: D | E6: D | F6: C | G6: C | H6: B | I6: A | J6: C | K6: D | L6: B | M6: B | N6: B | O6: A | P6: A | Q6: D | R6: A | S6: D | T6: B | U6: B | V6: D | W6: C | X6: 11 | Y6: 55 | Z6: C
A7: S004 | B7: Ananya Gupta | C7: 4 | D7: B | E7: A | F7: C | G7: C | H7: A | I7: A | J7: D | K7: C | L7: A | M7: A | N7: B | O7: D | P7: A | Q7: D | R7: D | S7: B | T7: B | U7: C | V7: D | W7: B | X7: 12 | Y7: 60 | Z7: C
A8: S005 | B8: Vikram Singh | C8: 5 | D8: B | E8: A | F8: C | G8: D | H8: A | I8: A | J8: A | K8: C | L8: B | M8: A | N8: D | O8: A | P8: A | Q8: D | R8: A | S8: B | T8: B | U8: D | V8: B | W8: C | X8: 18 | Y8: 90 | Z8: A
A9: S006 | B9: Sneha Joshi | C9: 6 | D9: B | E9: A | F9: C | G9: D | H9: A | I9: B | J9: C | K9: C | L9: D | M9: A | N9: B | O9: A | P9: A | Q9: D | R9: A | S9: B | T9: B | U9: D | V9: B | W9: C | X9: 18 | Y9: 90 | Z9: A
A10: S007 | B10: Arjun Kumar | C10: 7 | D10: D | E10: A | F10: B | G10: D | H10: A | I10: A | J10: C | K10: C | L10: B | M10: A | N10: A | O10: A | P10: A | Q10: D | R10: A | S10: B | T10: B | U10: D | V10: D | W10: C | X10: 16 | Y10: 80 | Z10: A
A11: S008 | B11: Neha Sharma | C11: 8 | D11: B | E11: A | F11: C | G11: B | H11: A | I11: A | J11: D | K11: D | L11: B | M11: A | N11: B | O11: B | P11: A | Q11: D | R11: A | S11: B | T11: B | U11: A | V11: B | W11: D | X11: 14 | Y11: 70 | Z11: B
A12: S009 | B12: Rahul Verma | C12: 9 | D12: D | E12: B | F12: A | G12: D | H12: A | I12: A | J12: C | K12: C | L12: B | M12: C | N12: C | O12: A | P12: D | Q12: C | R12: C | S12: B | T12: B | U12: C | V12: A | W12: A | X12: 9 | Y12: 45 | Z12: D
A13: S010 | B13: Pooja Yadav | C13: 10 | D13: D | E13: A | F13: A | G13: A | H13: D | I13: C | J13: C | K13: A | L13: A | M13: C | N13: D | O13: C | P13: A | Q13: A | R13: A | S13: B | T13: C | U13: D | V13: A | W13: C | X13: 7 | Y13: 35 | Z13: D
A14: S011 | B14: Amit Mishra | C14: 11 | D14: B | E14: A | F14: C | G14: D | H14: A | I14: A | J14: C | K14: C | L14: B | M14: A | N14: B | O14: A | P14: D | Q14: D | R14: A | S14: B | T14: A | U14: A | V14: B | W14: D | X14: 16 | Y14: 80 | Z14: A
A15: S012 | B15: Kavya Nair | C15: 12 | D15: B | E15: A | F15: C | G15: D | H15: A | I15: A | J15: C | K15: A | L15: B | M15: A | N15: B | O15: A | P15: D | Q15: A | R15: D | S15: B | T15: B | U15: D | V15: D | W15: D | X15: 14 | Y15: 70 | Z15: B
... A18: S015 | B18: Kiran Rao | C18: 15 | D18: A | E18: A | F18: C | G18: D | H18: A | I18: A | J18: C | K18: C | L18: B | M18: A | N18: B | O18: A | P18: D | Q18: D | R18: D | S18: B | T18: B | U18: D | V18: B | W18: C | X18: 17 | Y18: 85 | Z18: A

Sheet Batch_Upload_Format
A1: Batch Upload Template — Use this format to upload multiple sheets at once
A2: Fill in student_id, answer_key_name, and image_file_name for each row. One row = one answer sheet.
A3: batch_id | B3: student_id | C3: student_name | D3: class | E3: answer_key_name | F3: image_file_name | G3: notes
A4: BATCH001 | B4: S001 | C4: Aarav Shah | D4: 8A | E4: Science_Ch5_Quiz | F4: sheet_S001.jpg
A5: BATCH001 | B5: S002 | C5: Priya Patel | D5: 8A | E5: Science_Ch5_Quiz | F5: sheet_S002.jpg
A6: BATCH001 | B6: S003 | C6: Rohan Mehta | D6: 8A | E6: Science_Ch5_Quiz | F6: sheet_S003.jpg | G6: absent - skip
A7: BATCH001 | B7: S004 | C7: Ananya Gupta | D7: 8A | E7: Science_Ch5_Quiz | F7: sheet_S004.jpg
A8: BATCH002 | B8: S005 | C8: Vikram Singh | D8: 9B | E8: Math_Algebra_Test | F8: sheet_S005.jpg
A9: BATCH002 | B9: S006 | C9: Sneha Joshi | D9: 9B | E9: Math_Algebra_Test | F9: sheet_S006.jpg
A10: BATCH002 | B10: S007 | C10: Arjun Kumar | D10: 9B | E10: Math_Algebra_Test | F10: sheet_S007.jpg | G10: recheck required

Sheet Analytics_Summary
A1: Class Analytics — Science Ch5 Quiz (Auto-generated by Markix)
A3: Metric | B3: Value | D3: Question | E3: Correct Answer | F3: Correct Rate
A4: Total Students | B4: 15 | D4: Q1 | E4: B | F4: =COUNTIF(Student_Responses!D4:D18,"B")/15
A5: Questions | B5: 20 | D5: Q2 | E5: A | F5: =COUNTIF(Student_Responses!E4:E18,"A")/15
A6: Class Average (%) | B6: =AVERAGE(Student_Responses!X4:X18) | D6: Q3 | E6: C | F6: =COUNTIF(Student_Responses!F4:F18,"C")/15
A7: Highest Score | B7: =MAX(Student_Responses!W4:W18) | D7: Q4 | E7: D | F7: =COUNTIF(Student_Responses!G4:G18,"D")/15
A8: Lowest Score | B8: =MIN(Student_Responses!W4:W18) | D8: Q5 | E8: A | F8: =COUNTIF(Student_Responses!H4:H18,"A")/15
A9: Pass Rate (≥50%) | B9: =COUNTIF(Student_Responses!Y4:Y18,">="&50)/15 | D9: Q6 | E9: A | F9: =COUNTIF(Student_Responses!I4:I18,"A")/15
A10: Grade A Count | B10: =COUNTIF(Student_Responses!Z4:Z18,"A") | D10: Q7 | E10: C | F10: =COUNTIF(Student_Responses!J4:J18,"C")/15
A11: Grade B Count | B11: =COUNTIF(Student_Responses!Z4:Z18,"B") | D11: Q8 | E11: C | F11: =COUNTIF(Student_Responses!K4:K18,"C")/15
A12: Grade C Count | B12: =COUNTIF(Student_Responses!Z4:Z18,"C") | D12: Q9 | E12: B | F12: =COUNTIF(Student_Responses!L4:L18,"B")/15
A13: Grade D Count | B13: =COUNTIF(Student_Responses!Z4:Z18,"D") | D13: Q10 | E13: A | F13: =COUNTIF(Student_Responses!M4:M18,"A")/15
D14: Q11 | E14: B | F14: =COUNTIF(Student_Responses!N4:N18,"B")/15
D15: Q12 | E15: A | F15: =COUNTIF(Student_Responses!O4:O18,"A")/15
D16: Q13 | E16: A | F16: =COUNTIF(Student_Responses!P4:P18,"A")/15
D17: Q14 | E17: D | F17: =COUNTIF(Student_Responses!Q4:Q18,"D")/15
D18: Q15 | E18: A | F18: =COUNTIF(Student_Responses!R4:R18,"A")/15
D19: Q16 | E19: B | F19: =COUNTIF(Student_Responses!S4:S18,"B")/15
D20: Q17 | E20: B | F20: =COUNTIF(Student_Responses!T4:T18,"B")/15
D21: Q18 | E21: D | F21: =COUNTIF(Student_Responses!U4:U18,"D")/15
D22: Q19 | E22: B | F22: =COUNTIF(Student_Responses!V4:V18,"B")/15
D23: Q20 | E23: C | F23: =COUNTIF(Student_Responses!W4:W18,"C")/15

Sheet README
A1: How to Use This Dataset with Markix OMR Checker
A3: STEP | B3: SHEET | C3: ACTION | D3: NOTES
A4: 1 | B4: Answer_Keys | C4: Go to Keys page → Add New Key | D4: Enter key name, subject, grade, and bubble each answer
A5: 2 | B5: Student_Responses | C5: Use as reference for manual entry or CSV import | D5: Shows expected format for 15 students on a 20-Q quiz
A6: 3 | B6: Batch_Upload_Format | C6: Go to Batch page → Upload this CSV | D6: One row per student sheet image
A7: 4 | B7: Analytics_Summary | C7: Auto-generated after processing — verify formulas | D7: Class average, per-question rates, grade distribution
A8: — | B8: — | C8: App URL: http://localhost:5173 | D8: Backend must be running on port 8000
